,City,Country,Lat,Lng,Max Temp,Humidity,Cloudiness,Wind Speed,Current Description
0,Buraydah,SA,26.326,43.975,98.6,13,75,10.36,broken clouds
1,Huilong,CN,31.8111,121.655,64.0,91,83,8.28,light rain
2,Pardina,RO,45.3064,28.9569,59.0,36,0,17.27,clear sky
3,Busselton,AU,-33.65,115.3333,61.0,83,3,3.83,clear sky
4,Faanui,PF,-16.4833,-151.75,80.4,67,5,4.83,clear sky
5,Puerto Ayora,EC,-0.7393,-90.3518,75.7,87,27,7.9,scattered clouds
6,Tasiilaq,GL,65.6145,-37.6368,37.4,75,75,5.75,broken clouds
7,Laguna,US,38.421,-121.4238,52.0,71,20,6.91,few clouds
8,Katsuura,JP,35.1333,140.3,60.01,34,100,1.01,overcast clouds
9,Ushuaia,AR,-54.8,-68.3,46.4,71,75,6.91,moderate rain
10,Arraial Do Cabo,BR,-22.9661,-42.0278,78.8,78,20,5.75,few clouds
11,Popondetta,PG,-8.7537,148.2534,72.99,97,100,3.36,overcast clouds
12,Bambous Virieux,MU,-20.3428,57.7575,78.8,78,75,16.11,light rain
13,Saint-Philippe,RE,-21.3585,55.7679,80.6,69,75,28.77,light rain
14,Rikitea,PF,-23.1203,-134.9692,77.67,75,62,7.52,broken clouds
15,Hermanus,ZA,-34.4187,19.2345,75.0,50,100,5.01,overcast clouds
16,Nanortalik,GL,60.1432,-45.2371,41.5,76,100,14.58,light rain
17,Barrow,US,71.2906,-156.7887,10.4,85,20,12.66,few clouds
18,Bathsheba,BB,13.2167,-59.5167,82.4,57,75,20.71,broken clouds
19,Vasterhaninge,SE,59.1167,18.1,39.99,45,75,14.97,light rain
20,Comodoro Rivadavia,AR,-45.8667,-67.5,46.4,87,0,7.05,clear sky
21,Lebu,CL,-37.6167,-73.65,55.36,82,0,10.51,clear sky
22,Zhengjiatun,CN,43.5064,123.5064,56.32,24,100,3.15,overcast clouds
23,Ahipara,NZ,-35.1667,173.1667,57.31,73,28,5.99,light rain
24,Kavieng,PG,-2.5744,150.7967,82.31,77,99,6.46,overcast clouds
25,Hilo,US,19.7297,-155.09,69.8,83,40,6.91,light rain
26,Nuuk,GL,64.1835,-51.7216,37.4,81,40,18.41,scattered clouds
27,Naze,JP,28.3667,129.4833,64.96,71,100,11.07,overcast clouds
28,Tame,CO,6.461,-71.73,83.12,51,97,6.64,overcast clouds
29,Thompson,CA,55.7435,-97.8558,23.0,63,75,6.91,broken clouds
30,Agua Dulce,MX,18.1333,-94.1333,80.6,94,90,11.5,overcast clouds
31,Yokadouma,CM,3.5167,15.05,82.71,61,100,5.95,overcast clouds
32,Punta Arenas,CL,-53.15,-70.9167,46.4,76,75,12.66,broken clouds
33,Haines Junction,CA,60.7522,-137.5108,21.2,86,5,1.14,clear sky
34,Tymovskoye,RU,50.8456,142.655,22.41,95,42,0.89,scattered clouds
35,Zambezi,ZM,-13.5432,23.1047,83.97,35,69,5.48,broken clouds
36,Ewa Beach,US,21.3156,-158.0072,73.4,73,1,6.91,clear sky
37,Winburg,ZA,-28.518,27.0093,77.83,13,0,14.85,clear sky
38,Adrar,MR,20.5022,-10.0711,95.79,9,4,1.99,clear sky
39,Atuona,PF,-9.8,-139.0333,79.66,79,99,19.13,overcast clouds
40,Tautira,PF,-17.7333,-149.15,75.2,83,75,5.75,moderate rain
41,Mar Del Plata,AR,-38.0023,-57.5575,63.0,72,40,16.11,scattered clouds
42,Albany,US,42.6001,-73.9662,52.0,82,100,3.38,light rain
43,Phan Thiet,VN,10.9333,108.1,81.41,82,5,4.85,clear sky
44,Cape Town,ZA,-33.9258,18.4232,75.99,60,0,17.27,clear sky
45,Codrington,AU,-38.2667,141.9667,51.1,91,0,6.22,clear sky
46,Antalaha,MG,-14.9003,50.2788,75.31,89,100,3.6,overcast clouds
47,Mataura,NZ,-46.1927,168.8643,39.99,82,28,5.01,scattered clouds
48,Grand Gaube,MU,-20.0064,57.6608,75.99,84,100,8.99,light rain
49,Hammerfest,NO,70.6634,23.6821,32.0,86,75,6.91,light snow
50,Kapaa,US,22.0752,-159.319,73.4,78,20,13.8,few clouds
51,Tomatlan,MX,19.9333,-105.25,67.86,70,100,2.37,overcast clouds
52,Laem Sing,TH,12.4816,102.0738,88.0,77,86,7.38,overcast clouds
53,New Norfolk,AU,-42.7826,147.0587,57.0,80,100,1.99,overcast clouds
54,Severo-Kurilsk,RU,50.6789,156.125,31.89,94,100,7.4,light snow
55,Bethel,US,41.3712,-73.414,48.0,95,100,5.08,light rain
56,Tuatapere,NZ,-46.1333,167.6833,39.99,82,89,5.01,moderate rain
57,Atlantic City,US,39.3643,-74.4229,50.0,93,90,16.11,mist
58,Sitka,US,57.0531,-135.33,42.8,61,20,4.94,few clouds
59,Mvuma,ZW,-19.2792,30.5283,79.84,26,53,4.97,broken clouds
60,Yellowknife,CA,62.456,-114.3525,1.0,71,75,2.3,broken clouds
61,Esfarayen,IR,37.0765,57.5101,78.8,29,20,9.22,few clouds
62,Porto Santo,PT,33.072,-16.3415,68.0,68,40,20.71,scattered clouds
63,Lompoc,US,34.6391,-120.4579,46.99,87,100,3.06,overcast clouds
64,Tuktoyaktuk,CA,69.4541,-133.0374,10.4,92,90,8.05,mist
65,Kodiak,US,57.79,-152.4072,37.4,87,90,11.5,overcast clouds
66,Pisco,PE,-13.7,-76.2167,64.4,94,90,3.44,mist
67,Bluff,NZ,-46.6,168.3333,39.99,82,75,5.01,broken clouds
68,Koslan,RU,63.4564,48.8989,40.17,95,100,8.79,overcast clouds
69,Geraldton,AU,-28.7667,114.6,66.2,82,2,8.05,clear sky
70,Vaini,TO,-21.2,-175.2,75.2,94,75,1.14,light rain
71,Port Elizabeth,ZA,-33.918,25.5701,69.8,64,0,8.05,clear sky
72,Upernavik,GL,72.7868,-56.1549,33.67,77,41,6.73,scattered clouds
73,Lata,PT,40.1629,-8.3327,66.0,88,40,6.91,scattered clouds
74,Kidal,ML,18.4411,1.4078,104.74,3,29,6.55,scattered clouds
75,Airai,TL,-8.9266,125.4092,58.03,86,75,2.68,broken clouds
76,Hokitika,NZ,-42.7167,170.9667,46.47,77,95,4.65,overcast clouds
77,Ancud,CL,-41.8697,-73.8203,53.01,100,90,3.44,light intensity drizzle
78,Vidim,RU,56.4088,103.1106,26.73,95,79,2.95,broken clouds
79,Talnakh,RU,69.4865,88.3972,9.01,94,43,5.53,scattered clouds
80,Cayenne,GF,4.9333,-52.3333,84.0,78,90,12.66,overcast clouds
81,Wanning,CN,18.8003,110.3967,79.07,91,38,7.02,scattered clouds
82,Saskylakh,RU,71.9167,114.0833,15.66,89,100,11.7,overcast clouds
83,Abha,SA,18.2164,42.5053,73.4,33,75,11.5,broken clouds
84,Thunder Bay,CA,48.4001,-89.3168,28.99,80,1,2.06,clear sky
85,Myski,RU,53.709,87.8014,36.12,94,94,2.26,overcast clouds
86,Pointe Michel,DM,15.25,-61.3833,86.0,54,75,8.05,broken clouds
87,Vanavara,RU,60.34,102.2797,32.83,98,100,7.7,snow
88,Isangel,VU,-19.55,169.2667,77.38,78,100,9.08,overcast clouds
89,Pevek,RU,69.7008,170.3133,19.67,91,100,11.34,overcast clouds
90,Pinawa,CA,50.1489,-95.8811,35.42,43,96,7.81,overcast clouds
91,Delta Del Tigre,UY,-34.7633,-56.3853,64.99,72,75,12.66,broken clouds
92,Butaritari,KI,3.0707,172.7902,82.26,76,50,10.18,scattered clouds
93,Otake,JP,34.2,132.2167,57.2,54,20,16.11,few clouds
94,Nhulunbuy,AU,-12.2333,136.7667,78.8,94,40,4.83,scattered clouds
95,Dunedin,NZ,-45.8742,170.5036,45.0,55,93,5.99,overcast clouds
96,Willowmore,ZA,-33.2926,23.4895,81.21,19,100,3.13,overcast clouds
97,Kruisfontein,ZA,-34.0033,24.7314,75.99,56,100,5.99,overcast clouds
98,Araioses,BR,-2.89,-41.9031,87.8,70,40,13.8,scattered clouds
99,Cockburn Town,TC,21.4612,-71.1419,79.05,72,82,17.83,broken clouds
100,Lagoa,PT,39.05,-27.9833,59.14,78,21,15.86,few clouds
101,Fez,MA,34.0372,-4.9998,59.0,94,75,6.91,broken clouds
102,Avarua,CK,-21.2078,-159.775,75.2,88,40,10.36,scattered clouds
103,Ilirska Bistrica,SI,45.5697,14.2408,57.99,100,28,6.69,scattered clouds
104,Alexandria,EG,31.2156,29.9553,93.2,16,0,16.11,clear sky
105,Port Lincoln,AU,-34.7333,135.8667,60.3,66,82,8.12,broken clouds
106,Perambalur,IN,11.2333,78.8833,93.2,55,40,11.5,haze
107,San Patricio,US,28.017,-97.5169,68.0,77,1,3.44,clear sky
108,Victoria,HK,22.2855,114.1577,73.99,91,100,4.0,overcast clouds
109,Yar-Sale,RU,66.8333,70.8333,32.5,97,100,9.75,overcast clouds
110,Rio Gallegos,AR,-51.6226,-69.2181,46.4,71,0,16.11,clear sky
111,General Roca,AR,-39.0333,-67.5833,51.8,76,0,4.61,light rain
112,Dori,BF,14.0354,-0.0345,103.62,13,100,4.03,overcast clouds
113,Jieshi,CN,22.8134,115.8257,70.7,82,100,18.54,overcast clouds
114,Pangnirtung,CA,66.1451,-65.7125,36.37,79,100,1.16,overcast clouds
115,Dikson,RU,73.5069,80.5464,19.13,85,100,10.29,overcast clouds
116,Jamestown,US,42.097,-79.2353,46.99,93,90,9.22,overcast clouds
117,Kudahuvadhoo,MV,2.6708,72.8944,83.68,67,33,8.61,scattered clouds
118,Gat,IL,31.61,34.7642,84.99,37,5,1.99,clear sky
119,Korla,CN,41.7597,86.1469,58.21,23,0,10.58,clear sky
120,Havoysund,NO,70.9963,24.6622,32.0,86,75,6.91,snow
121,Torbay,CA,47.6666,-52.7314,48.99,49,20,18.41,few clouds
122,East London,ZA,-33.0153,27.9116,73.4,60,0,8.05,clear sky
123,Lorengau,PG,-2.0226,147.2712,80.71,76,100,2.8,overcast clouds
124,Ponta Do Sol,PT,32.6667,-17.1,68.0,64,40,6.91,scattered clouds
125,Namibe,AO,-15.1961,12.1522,87.8,62,20,16.11,few clouds
126,Norman Wells,CA,65.282,-126.8329,26.6,68,40,12.66,scattered clouds
127,Khor,RU,47.8861,134.9464,34.68,39,0,6.08,clear sky
128,Qaanaaq,GL,77.484,-69.3632,27.23,73,47,6.04,scattered clouds
129,Walvis Bay,NA,-22.9575,14.5053,78.8,44,12,6.91,few clouds
130,Vila,PT,42.0304,-8.1588,57.99,91,100,3.0,overcast clouds
131,Baykit,RU,61.67,96.37,36.75,88,99,5.37,overcast clouds
132,Sokolo,ML,14.7328,-6.1219,103.91,11,91,4.36,overcast clouds
133,Qaqortoq,GL,60.7167,-46.0333,51.8,30,75,31.07,light rain
134,Cabo San Lucas,MX,22.8909,-109.9124,64.4,52,1,7.56,clear sky
135,Dicabisagan,PH,17.0818,122.4157,76.42,81,82,8.48,broken clouds
136,Green River,US,41.5286,-109.4662,39.2,56,90,5.75,overcast clouds
137,Port Alfred,ZA,-33.5906,26.891,78.48,50,100,14.72,overcast clouds
138,Morgan City,US,29.6994,-91.2068,63.0,72,1,16.11,clear sky
139,Pacific Grove,US,36.6177,-121.9166,53.6,87,90,5.75,overcast clouds
140,Ribeira Grande,PT,38.5167,-28.7,66.2,63,40,4.61,scattered clouds
141,Chokurdakh,RU,70.6333,147.9167,13.01,93,100,10.47,overcast clouds
142,Hithadhoo,MV,-0.6,73.0833,83.75,67,15,7.2,few clouds
143,Praia Da Vitoria,PT,38.7333,-27.0667,64.0,72,40,19.69,scattered clouds
144,Xique-Xique,BR,-10.8218,-42.7263,83.73,57,3,10.74,clear sky
145,Kushiro,JP,42.975,144.3747,33.22,75,100,12.35,overcast clouds
146,Hobart,AU,-42.8794,147.3294,57.2,62,40,14.97,moderate rain
147,Krasnoselkup,RU,65.7,82.4667,24.6,84,32,8.01,scattered clouds
148,Lander,US,42.833,-108.7307,39.99,70,90,5.75,overcast clouds
149,Port Augusta,AU,-32.5,137.7667,60.8,77,0,5.75,clear sky
150,Iwanai,JP,42.9744,140.5089,36.88,76,52,5.79,light rain
151,Klaksvik,FO,62.2266,-6.589,50.0,71,100,12.66,overcast clouds
152,Altay,CN,47.8667,88.1167,35.87,37,0,7.34,clear sky
153,Padang,ID,-0.9492,100.3543,79.9,82,100,1.95,overcast clouds
154,Teahupoo,PF,-17.8333,-149.2667,75.2,83,75,5.75,light rain
155,Prince Rupert,CA,54.3161,-130.3201,46.4,61,1,9.22,clear sky
156,Souillac,MU,-20.5167,57.5167,78.8,78,75,16.11,broken clouds
157,Santa Maria,BR,-29.6842,-53.8069,66.2,94,90,5.75,overcast clouds
158,Cidreira,BR,-30.1811,-50.2056,67.84,87,100,13.91,overcast clouds
159,Alice Springs,AU,-23.7,133.8833,53.6,47,1,6.91,clear sky
160,Aklavik,CA,68.2191,-135.0107,15.8,92,56,5.75,broken clouds
161,Florianopolis,BR,-27.6146,-48.5012,77.0,83,75,4.61,light rain
162,Georgetown,MY,5.4112,100.3354,86.0,84,20,5.37,few clouds
163,Avera,US,33.194,-82.5271,61.0,100,75,10.36,broken clouds
164,Turayf,SA,31.6725,38.6637,95.0,16,40,11.5,scattered clouds
165,Rawson,AR,-43.3002,-65.1023,57.49,66,8,16.44,clear sky
166,Quatre Cocos,MU,-20.2078,57.7625,78.8,78,75,16.11,light rain
167,Lima,PE,-12.0432,-77.0282,63.0,94,90,4.61,fog
168,Santa Cruz,BO,-17.8,-63.1667,68.0,83,75,17.27,broken clouds
169,Brejinho,BR,-6.1908,-35.3567,86.0,66,40,11.5,scattered clouds
170,Hay River,CA,60.8156,-115.7999,8.6,78,100,3.44,overcast clouds
171,Muros,ES,42.7762,-9.0603,62.01,84,100,2.73,overcast clouds
172,Solenzo,BF,12.1833,-4.0833,101.73,21,100,7.36,overcast clouds
173,Osorno,CL,-40.5667,-73.15,41.0,100,90,0.29,fog
174,Bandarbeyla,SO,9.4942,50.8122,85.33,71,28,13.31,scattered clouds
175,Clinton,US,42.587,-82.9199,44.01,93,90,12.66,overcast clouds
176,Vila Velha,BR,-20.3297,-40.2925,84.0,74,40,3.44,scattered clouds
177,Castro,BR,-24.7911,-50.0119,67.28,65,98,3.83,overcast clouds
178,Bakchar,RU,57.0186,82.0711,40.5,94,100,2.59,overcast clouds
179,Amapa,BR,1.0,-52.0,78.26,88,99,2.98,overcast clouds
180,Ayan,RU,56.45,138.1667,23.83,84,24,6.13,few clouds
181,Iralaya,HN,15.0,-83.2333,77.0,94,1,9.37,clear sky
182,Mahebourg,MU,-20.4081,57.7,78.8,78,75,16.11,light rain
183,Tomball,US,30.0972,-95.6161,66.0,72,1,6.91,clear sky
184,Saint-Michel-Des-Saints,CA,46.6834,-73.9159,49.64,80,96,7.02,overcast clouds
185,Farafangana,MG,-22.8167,47.8333,76.28,84,43,7.63,light rain
186,The Pas,CA,53.8251,-101.2541,26.6,68,75,6.91,broken clouds
187,Celestun,MX,20.8667,-90.4,76.62,78,7,10.0,clear sky
188,Magdagachi,RU,53.45,125.8,42.42,50,100,4.47,overcast clouds
189,Cherskiy,RU,68.75,161.3,3.29,96,97,5.26,overcast clouds
190,Poyarkovo,RU,49.6,128.6833,43.09,37,11,5.46,few clouds
191,Sao Miguel Do Tapuio,BR,-5.5036,-41.3233,85.24,58,99,5.66,overcast clouds
192,Mwinilunga,ZM,-11.7358,24.4293,75.56,57,24,6.2,light rain
193,Lahij,YE,13.1667,44.5833,89.55,41,78,15.35,broken clouds
194,Monte Santo,BR,-10.4378,-39.3328,81.32,60,24,7.4,few clouds
195,Kieta,PG,-6.2167,155.6333,78.35,83,74,1.61,broken clouds
196,Barrancas,CO,10.9576,-72.7877,80.98,70,96,4.54,overcast clouds
197,Nikolskoye,RU,59.7035,30.7861,41.0,81,90,17.9,overcast clouds
198,Clyde River,CA,70.4692,-68.5914,15.8,100,20,11.5,few clouds
199,Esperance,AU,-33.8667,121.9,68.0,42,5,10.36,clear sky
200,Chuy,UY,-33.6971,-53.4616,62.85,64,3,12.33,clear sky
201,Saint-Augustin,CA,51.226,-58.6502,40.82,61,13,14.74,few clouds
202,Miri,MY,4.4148,114.0089,82.4,78,20,2.3,few clouds
203,Tabou,CI,4.423,-7.3528,85.23,67,100,5.14,light rain
204,Rongcheng,CN,30.634,117.8517,59.43,97,100,1.77,overcast clouds
205,Arkansas City,US,37.062,-97.0384,54.0,82,1,12.66,clear sky
206,Poum,NC,-20.2333,164.0167,76.91,81,100,15.48,overcast clouds
207,Berdigestyakh,RU,62.0989,126.6992,28.85,99,100,3.13,overcast clouds
208,Dingle,PH,10.9995,122.6711,78.69,81,14,3.62,light rain
209,Valentin Gomez Farias,MX,28.2167,-106.5833,54.18,16,60,7.23,broken clouds
210,Christchurch,NZ,-43.5333,172.6333,46.0,93,40,2.3,scattered clouds
211,Yulara,AU,-25.2406,130.9889,64.4,34,0,6.91,clear sky
212,Namatanai,PG,-3.6667,152.4333,80.42,79,81,4.79,broken clouds
213,Nizhniy Tsasuchey,RU,50.5167,115.1333,53.13,17,100,14.16,overcast clouds
214,Richards Bay,ZA,-28.783,32.0377,76.06,63,0,7.74,clear sky
215,Khatanga,RU,71.9667,102.5,13.75,92,100,23.44,light snow
216,Concepcion Del Oro,MX,24.6333,-101.4167,52.9,34,21,6.42,few clouds
217,Lardos,GR,36.0942,28.0157,71.01,73,20,9.22,few clouds
218,Hasaki,JP,35.7333,140.8333,57.2,58,75,14.97,broken clouds
219,Kavaratti,IN,10.5669,72.642,84.81,71,14,10.56,few clouds
220,Saint-Felicien,CA,48.6501,-72.4491,42.8,60,40,5.17,scattered clouds
221,Agadez,NE,19.75,10.25,104.49,6,0,9.24,clear sky
222,Vikhorevka,RU,56.1201,101.1636,39.2,45,15,11.18,few clouds
223,Sohag,EG,26.557,31.6948,104.0,6,0,4.61,clear sky
224,Banjar,ID,-8.19,114.9675,84.2,84,20,14.97,few clouds
225,Tuy Hoa,VN,13.0833,109.3,80.1,84,24,3.0,few clouds
226,Estanzuela,GT,15.0,-89.5667,75.2,78,20,0.78,few clouds
227,Merauke,ID,-8.4667,140.3333,79.63,81,67,5.68,broken clouds
228,Sinnamary,GF,5.3833,-52.95,81.27,80,61,10.89,broken clouds
229,Sunland Park,US,31.7965,-106.58,61.0,15,1,4.61,clear sky
230,Spas-Demensk,RU,54.4122,34.0226,42.42,48,100,13.51,light rain
231,Mayumba,GA,-3.432,10.6554,83.26,71,98,8.95,overcast clouds
232,Palmas,BR,-10.2128,-48.3603,77.0,94,75,10.36,moderate rain
233,Casablanca,MA,33.5928,-7.6192,73.4,56,40,24.16,scattered clouds
234,Vila Franca Do Campo,PT,37.7167,-25.4333,60.8,72,75,16.11,broken clouds
235,Provideniya,RU,64.3833,-173.3,32.97,89,100,2.35,overcast clouds
236,Iracoubo,GF,5.4802,-53.2011,80.78,82,98,10.51,overcast clouds
237,Wajima,JP,37.4,136.9,48.65,46,0,8.77,clear sky
238,Newport,GB,51.5877,-2.9984,59.0,47,6,18.41,clear sky
239,Ambulu,ID,-8.345,113.6058,76.68,87,26,4.85,scattered clouds
240,Saldanha,ZA,-33.0117,17.9442,71.6,60,100,6.91,overcast clouds
241,Pacifica,US,37.6138,-122.4869,51.01,93,90,4.61,mist
242,Portland,US,45.5234,-122.6762,46.0,87,100,1.01,overcast clouds
243,Carnarvon,AU,-24.8667,113.6333,71.6,78,3,5.75,clear sky
244,Caravelas,BR,-17.7125,-39.2481,84.25,59,4,5.48,clear sky
245,Jinxiang,CN,27.4327,120.6062,63.73,85,100,6.67,overcast clouds
246,Champerico,GT,14.3,-91.9167,73.4,88,20,3.29,few clouds
247,Kiama,AU,-34.6833,150.8667,57.99,86,78,4.23,broken clouds
248,Iqaluit,CA,63.7506,-68.5145,33.8,86,90,5.75,light snow
249,Tessalit,ML,20.1986,1.0114,102.79,4,0,6.04,clear sky
250,Vanimo,PG,-2.6741,141.3028,75.69,87,100,2.91,overcast clouds
251,Cabimas,VE,10.3883,-71.4399,82.09,71,46,4.79,scattered clouds
252,Jalu,LY,29.0331,21.5482,79.68,34,0,20.74,clear sky
253,Melhus,NO,63.2855,10.2781,43.0,70,75,14.97,broken clouds
254,Ilulissat,GL,69.2167,-51.1,46.4,46,59,21.85,broken clouds
255,Isernia,IT,41.6002,14.2382,73.0,39,59,8.01,broken clouds
256,Teyateyaneng,LS,-29.1472,27.7489,74.57,9,0,11.72,clear sky
257,Kommunar,RU,59.6206,30.39,41.0,81,90,17.9,overcast clouds
258,Hambantota,LK,6.1241,81.1185,82.4,94,20,3.44,few clouds
259,Zyryanka,RU,65.75,150.85,5.56,88,5,7.31,clear sky
260,Talakan,RU,50.3167,130.3667,39.18,36,100,2.93,overcast clouds
261,Rocha,UY,-34.4833,-54.3333,63.07,69,36,11.48,scattered clouds
262,Paamiut,GL,61.994,-49.6678,40.06,76,100,7.78,overcast clouds
263,Mamlyutka,KZ,54.9375,68.5394,53.82,50,76,12.62,broken clouds
264,Luwingu,ZM,-10.2621,29.9271,77.52,51,98,6.44,overcast clouds
265,Gao,ML,16.6362,1.637,107.4,3,37,8.81,scattered clouds
266,Uruzgan,AF,32.8333,66.0,75.0,9,6,6.24,clear sky
267,Eregli,TR,37.5133,34.0467,76.39,20,100,10.65,overcast clouds
268,Ponta Delgada,PT,37.7333,-25.6667,60.8,72,75,16.11,broken clouds
269,Longyearbyen,SJ,78.2186,15.6401,23.0,74,40,10.36,scattered clouds
270,Garden City,US,42.3256,-83.331,45.0,76,75,14.97,broken clouds
271,Kozhva,RU,65.1073,57.0459,45.82,72,100,11.65,overcast clouds
272,Taldan,RU,53.6667,124.8,39.27,56,100,4.34,overcast clouds
273,Coolum Beach,AU,-26.5333,153.1,64.99,84,2,5.12,clear sky
274,Esna,EG,25.2934,32.554,102.2,10,0,3.44,clear sky
275,Post Falls,US,47.718,-116.9516,44.01,87,90,3.42,overcast clouds
276,Fortuna,US,40.5982,-124.1573,46.0,93,90,13.8,light rain
277,Huauchinango,MX,20.1833,-98.05,66.79,82,100,2.15,overcast clouds
278,Skjervoy,NO,70.0311,20.9714,37.4,65,75,11.5,broken clouds
279,Russell,US,32.3502,-85.1999,61.0,67,20,12.66,few clouds
280,Mexico,PH,15.0646,120.7198,80.6,69,75,8.05,broken clouds
281,Letka,RU,59.6011,49.4232,37.6,97,100,4.36,light rain
282,Tam Ky,VN,15.5667,108.4833,82.4,83,20,2.3,few clouds
283,Wexford,IE,52.3342,-6.4575,57.2,44,0,12.66,clear sky
284,Flin Flon,CA,54.7682,-101.865,24.8,74,40,4.61,scattered clouds
285,Labuhan,ID,-6.8844,112.2051,79.83,80,42,9.44,scattered clouds
286,Oktyabrskiy,RU,54.4815,53.471,46.35,55,43,17.92,scattered clouds
287,Santiago,CL,-33.4569,-70.6483,61.0,71,0,0.02,clear sky
288,Sterling,US,39.0062,-77.4286,52.0,87,75,10.36,broken clouds
289,Neiafu,TO,-18.65,-173.9833,71.6,100,40,4.79,light rain
290,Arman,RU,59.7,150.1667,12.07,78,33,9.04,scattered clouds
291,Margate,GB,51.3813,1.3862,51.01,52,12,5.01,few clouds
292,Nelson Bay,AU,-32.7167,152.15,57.0,100,18,5.75,few clouds
293,Lundazi,ZM,-12.2929,33.1782,72.19,73,84,5.97,light rain
294,Otacilio Costa,BR,-27.4831,-50.1219,60.84,92,100,4.38,overcast clouds
295,Moree,AU,-29.4667,149.85,51.8,58,0,8.05,clear sky
296,Lake Havasu City,US,34.4839,-114.3224,71.6,18,1,16.11,clear sky
297,Lavrentiya,RU,65.5833,-171.0,21.07,88,100,3.91,overcast clouds
298,Pio Xii,BR,-3.8325,-45.1525,85.82,67,97,3.42,overcast clouds
299,Lumphat,KH,13.4878,106.9816,83.37,64,33,3.44,scattered clouds
300,Camana,PE,-16.6228,-72.7111,68.92,79,47,9.64,scattered clouds
301,Hirara,JP,24.8,125.2833,71.67,67,6,18.43,clear sky
302,Kimbe,PG,-5.5502,150.1429,76.69,90,99,2.46,light rain
303,Anadyr,RU,64.75,177.4833,23.0,100,40,2.24,fog
304,Nueva Concepcion,GT,14.2,-91.3,77.0,88,20,2.95,few clouds
305,Cacu,BR,-18.5567,-51.1308,83.12,27,95,3.56,overcast clouds
306,Bredasdorp,ZA,-34.5322,20.0403,64.4,72,100,1.14,overcast clouds
307,El Alto,PE,-4.2714,-81.2147,68.0,88,40,16.11,scattered clouds
308,Fairbanks,US,64.8378,-147.7164,32.0,69,1,5.75,clear sky
309,Paso De Los Toros,UY,-32.8167,-56.5167,59.0,82,75,17.27,broken clouds
310,Saint Anthony,US,45.0205,-93.218,37.99,75,90,5.68,overcast clouds
311,Hue,VN,16.4667,107.6,82.4,89,40,3.44,light rain
312,Great Yarmouth,GB,52.6083,1.7305,51.01,62,75,13.8,broken clouds
313,Kahului,US,20.8947,-156.47,71.6,94,75,16.11,broken clouds
314,Siuna,NI,13.7332,-84.7773,80.62,63,43,2.53,scattered clouds
315,Piacabucu,BR,-10.4056,-36.4344,82.62,70,30,5.59,scattered clouds
316,Formosa,AR,-26.1775,-58.1781,65.88,87,92,7.54,overcast clouds
317,Tonantins,BR,-2.8731,-67.8022,80.98,89,91,2.75,heavy intensity rain
318,Eyl,SO,7.9803,49.8164,85.15,67,14,11.36,few clouds
319,Maniitsoq,GL,65.4167,-52.9,40.35,72,33,3.13,scattered clouds
320,Aswan,EG,24.0934,32.907,102.27,6,0,8.16,clear sky
321,Paka,MY,4.6374,103.4368,78.8,83,89,2.3,overcast clouds
322,Kuching,MY,1.55,110.3333,80.6,89,20,2.3,few clouds
323,Tagusao,PH,9.1924,117.8141,80.19,78,11,2.39,few clouds
324,Urusha,RU,54.05,122.9,37.69,68,100,2.46,overcast clouds
325,Takoradi,GH,4.8845,-1.7554,86.25,66,83,11.36,broken clouds
326,Jabinyanah,TN,35.035,10.9081,69.8,52,20,10.36,few clouds
327,Hauterive,FR,46.0901,3.4459,71.6,28,0,3.44,clear sky
328,Yuancheng,CN,36.652,107.7896,50.31,88,100,6.67,overcast clouds
329,Maine-Soroa,NE,13.2114,12.0241,105.6,11,100,9.51,overcast clouds
330,Olafsvik,IS,64.8945,-23.7142,42.8,91,94,6.58,overcast clouds
331,Ambon,ID,-3.6954,128.1814,82.99,82,96,10.29,overcast clouds
332,Sao Gabriel Da Cachoeira,BR,-0.1303,-67.0892,80.6,89,40,2.3,scattered clouds
333,Aqtobe,KZ,50.2797,57.2072,57.2,44,0,17.9,light rain
334,Roebourne,AU,-20.7833,117.1333,79.29,61,0,2.44,light rain
335,Nioro,GM,13.35,-15.75,99.97,12,14,5.41,few clouds
336,Keuruu,FI,62.2667,24.7,37.4,81,90,16.11,light rain
337,Luwuk,ID,-0.9516,122.7875,77.14,82,99,2.57,overcast clouds
338,Zaida,PK,34.0603,72.4678,81.32,22,6,2.35,clear sky
339,Riyadh,SA,24.6877,46.7219,98.6,8,0,8.05,clear sky
340,Havre-Saint-Pierre,CA,50.2334,-63.5986,44.6,57,1,9.22,clear sky
341,Waipawa,NZ,-41.4122,175.5153,57.2,77,75,18.41,broken clouds
342,Constitucion,CL,-35.3333,-72.4167,61.57,56,0,5.06,clear sky
343,Ostrovnoy,RU,68.0531,39.5131,35.65,93,100,16.96,overcast clouds
344,Kaitangata,NZ,-46.2817,169.8464,39.99,78,18,4.0,few clouds
345,Mehamn,NO,71.0357,27.8492,32.58,64,40,9.1,scattered clouds
346,Samarai,PG,-10.6167,150.6667,83.05,76,81,11.43,broken clouds
347,Sanchazi,CN,42.0817,126.6003,42.42,34,6,2.13,clear sky
348,Log,RU,49.4844,43.8613,52.32,31,72,10.58,broken clouds
349,Antofagasta,CL,-23.65,-70.4,69.01,67,0,1.14,clear sky
350,Harnosand,SE,62.6323,17.9379,44.6,36,0,18.41,clear sky
351,Yaan,NG,7.3833,8.5667,91.18,46,100,5.84,overcast clouds
352,Meulaboh,ID,4.1363,96.1285,80.04,76,98,0.51,light rain
353,Uniontown,US,39.9001,-79.7164,48.99,66,100,7.47,overcast clouds
354,Sao Filipe,CV,14.8961,-24.4956,72.93,73,85,10.6,overcast clouds
355,Saint-Louis,SN,16.3333,-15.0,93.2,27,0,4.61,clear sky
356,Puerto Quijarro,BO,-17.7833,-57.7667,70.77,98,100,3.74,overcast clouds
357,Kantang,TH,7.4054,99.5156,78.8,100,40,3.36,scattered clouds
358,Kathu,TH,7.9178,98.3332,82.4,78,75,4.61,broken clouds
359,Areosa,PT,41.7178,-8.8571,66.2,68,20,10.36,few clouds
360,Nalut,LY,30.3333,10.85,87.87,13,16,4.23,few clouds
361,Omsukchan,RU,62.5333,155.8,-0.69,98,96,3.4,overcast clouds
362,Sarangani,PH,5.4033,125.4636,83.35,78,2,15.08,clear sky
363,Siparia,TT,10.1333,-61.5,81.0,88,54,1.01,broken clouds
364,Barabinsk,RU,55.3571,78.357,46.45,47,100,6.73,overcast clouds
365,Duncan,US,34.5023,-97.9578,55.0,84,1,5.75,clear sky
366,Hofn,IS,64.2539,-15.2082,44.6,81,90,4.61,light rain
367,San Policarpo,PH,12.1791,125.5072,78.94,79,81,10.47,broken clouds
368,Xuddur,SO,4.1213,43.8894,86.36,46,99,14.52,overcast clouds
369,Chabahar,IR,25.2919,60.643,83.3,68,0,8.86,clear sky
370,Sioux Lookout,CA,50.1001,-91.917,32.0,59,20,5.75,few clouds
371,Yumaguzino,RU,52.9041,56.3933,48.92,58,80,16.49,broken clouds
372,Preobrazheniye,RU,42.9019,133.9064,36.91,61,0,4.74,clear sky
373,Churapcha,RU,62.0025,132.4325,27.95,98,100,3.29,overcast clouds
374,Oktyabrskoye,RU,43.0645,44.7417,50.0,93,90,8.95,mist
375,Sarai,RU,53.7458,41.0213,45.23,55,42,17.65,moderate rain
376,Kenai,US,60.5544,-151.2583,30.99,93,1,2.06,clear sky
377,Aracuai,BR,-16.8497,-42.0703,90.68,41,0,2.21,clear sky
378,Kiruna,SE,67.8557,20.2251,32.0,55,0,16.11,clear sky
379,Severnoye,RU,56.3491,78.3619,43.57,65,100,4.29,overcast clouds
380,Deniliquin,AU,-35.5333,144.9667,57.0,71,34,6.8,scattered clouds
381,Komsomolskiy,UZ,40.4272,71.7189,78.8,17,57,4.61,broken clouds
382,Urengoy,RU,65.9667,78.3667,23.14,91,76,7.07,broken clouds
383,Nizwa,OM,22.9333,57.5333,95.25,11,74,2.91,broken clouds
384,Jardim,BR,-21.4803,-56.1381,69.73,93,100,4.36,overcast clouds
385,Poninka,UA,50.1849,27.5363,42.1,80,100,5.21,overcast clouds
386,Miraflores,MX,19.2167,-98.8083,60.8,63,75,4.61,broken clouds
387,Wiarton,CA,44.7407,-81.1332,37.0,93,90,13.8,overcast clouds
388,Fatsa,TR,41.0278,37.5014,53.6,100,75,5.75,light rain
389,Bengkulu,ID,-3.8004,102.2655,79.23,82,100,5.88,overcast clouds
390,Cap Malheureux,MU,-19.9842,57.6142,75.99,84,100,8.99,light rain
391,Akyab,MM,20.15,92.9,83.43,80,0,11.18,clear sky
392,Portales,US,34.1862,-103.3344,60.01,28,1,5.75,clear sky
393,Tahe,CN,52.3333,124.7333,42.12,48,100,3.83,overcast clouds
394,Mapastepec,MX,15.4333,-92.9,85.5,59,74,1.99,broken clouds
395,Hailar,CN,49.2,119.7,51.35,29,100,9.4,overcast clouds
396,Talara,PE,-4.5772,-81.2719,68.0,88,40,16.11,scattered clouds
397,Half Moon Bay,US,37.4636,-122.4286,53.01,93,90,3.56,mist
398,Muisne,EC,0.6,-80.0333,77.0,100,75,6.91,light rain
399,Muroto,JP,33.2833,134.15,56.64,66,0,24.74,clear sky
400,Sao Joao Da Barra,BR,-21.6403,-41.0511,80.6,69,0,2.3,clear sky
401,Nguru,NG,12.8791,10.4526,105.24,12,100,8.39,overcast clouds
402,Beringovskiy,RU,63.05,179.3167,31.17,87,100,2.93,overcast clouds
403,Nea Fokaia,GR,40.1333,23.4,62.01,64,39,8.01,scattered clouds
404,Gizo,SB,-8.103,156.8419,82.81,75,10,4.94,clear sky
405,Brekstad,NO,63.687,9.6654,41.0,70,75,13.8,broken clouds
406,Makakilo City,US,21.3469,-158.0858,73.4,73,1,6.91,clear sky
407,Hualmay,PE,-11.0964,-77.6139,68.34,81,65,6.44,broken clouds
408,Flinders,AU,-34.5833,150.8552,57.99,82,65,1.01,broken clouds
409,Cozumel,MX,20.5083,-86.9458,82.4,74,20,4.61,few clouds
410,La Ronge,CA,55.1001,-105.2842,26.6,80,100,4.61,overcast clouds
411,Iskateley,RU,67.6803,53.1512,42.3,91,100,9.86,overcast clouds
412,San Cristobal,VE,7.7669,-72.225,80.6,78,20,2.3,few clouds
413,Chapais,CA,49.7834,-74.8492,33.8,75,20,12.66,few clouds
414,San Pedro,PH,14.35,121.0167,84.2,74,20,6.91,few clouds
415,Broken Hill,AU,-31.95,141.4333,57.2,54,0,6.91,clear sky
416,Mandera,KE,3.9366,41.867,94.48,33,58,5.5,broken clouds
417,Vaitape,PF,-16.5167,-151.75,80.4,67,6,4.23,clear sky
418,Marienburg,PL,54.0359,19.0266,46.0,50,86,11.74,light rain
419,Muravlenko,RU,63.7898,74.523,33.3,99,100,11.63,overcast clouds
420,Zhicheng,CN,30.2956,111.5047,60.01,83,100,6.35,light rain
421,Pudozh,RU,61.8099,36.5345,52.97,63,55,6.71,broken clouds
422,Tazovskiy,RU,67.4667,78.7,12.56,95,38,5.93,scattered clouds
423,Egvekinot,RU,66.3167,-179.1667,22.77,88,91,2.39,overcast clouds
424,The Valley,AI,18.217,-63.0578,82.4,65,40,14.97,scattered clouds
425,Porbandar,IN,21.6422,69.6093,86.56,60,1,18.14,clear sky
426,Aripuana,BR,-9.1667,-60.6333,84.96,68,22,1.99,few clouds
427,Tuensang,IN,26.2833,94.8333,69.91,37,13,2.21,few clouds
428,Cookeville,US,36.1628,-85.5016,51.01,93,90,6.17,overcast clouds
429,Guerrero Negro,MX,27.9769,-114.0611,57.63,83,72,11.32,broken clouds
430,Hamilton,US,39.1834,-84.5333,48.99,93,90,5.75,mist
431,Dzhebariki-Khaya,RU,62.2167,135.8,8.31,96,82,1.77,broken clouds
432,Jiwani,PK,25.05,61.7417,83.16,73,0,7.0,clear sky
433,Tutoia,BR,-2.7619,-42.2744,87.8,70,40,13.8,scattered clouds
434,Port Hawkesbury,CA,45.6169,-61.3485,54.0,50,1,9.22,clear sky
435,Mount Isa,AU,-20.7333,139.5,78.8,34,40,10.36,light rain
436,Dubbo,AU,-32.25,148.6167,46.4,71,0,8.05,clear sky
437,Daru,PG,-9.0763,143.2092,78.51,87,100,3.27,overcast clouds
438,Kefamenanu,ID,-9.4467,124.4781,67.57,81,14,4.18,few clouds
439,Ust-Kulom,RU,61.6864,53.6902,41.38,96,100,9.37,overcast clouds
440,Moyo,UG,3.6609,31.7247,70.97,88,100,3.67,light rain
441,Faya,SA,18.3851,42.4509,73.4,33,75,11.5,light rain
442,Kutum,SD,14.2,24.6667,93.6,8,60,13.15,broken clouds
443,Decatur,US,39.8403,-88.9548,46.4,76,1,9.22,clear sky
444,Duluth,US,46.7833,-92.1066,37.0,64,1,3.44,clear sky
445,Povenets,RU,62.8487,34.8262,50.5,65,76,9.13,broken clouds
446,Massaguet,TD,12.4755,15.4365,105.8,12,47,4.61,scattered clouds
447,Bay Roberts,CA,47.5999,-53.2648,48.99,48,0,5.99,clear sky
448,Terrace,CA,54.5163,-128.6035,37.4,65,20,13.8,few clouds
449,Phuket,TH,8.0,98.25,82.4,78,75,4.61,broken clouds
450,Mongo,TD,12.1844,18.693,105.53,12,18,5.77,few clouds
451,Mednogorsk,RU,51.4128,57.595,51.66,52,48,15.17,scattered clouds
452,Gbongan,NG,7.4667,4.35,90.34,54,92,4.94,overcast clouds
453,Sao Jose Da Coroa Grande,BR,-8.8978,-35.1478,83.26,68,39,8.81,scattered clouds
454,Saint George,US,37.1041,-113.5841,64.4,25,1,13.8,clear sky
455,Atar,MR,20.5169,-13.0499,95.5,14,0,8.39,clear sky
456,Beyneu,KZ,45.3167,55.2,79.9,16,73,15.12,broken clouds
457,Palmaner,IN,13.2,78.75,84.81,40,34,7.56,scattered clouds
458,Mayuge,UG,0.4597,33.4803,72.52,71,100,8.14,overcast clouds
459,Leon,MX,21.1167,-101.6667,62.6,67,75,4.61,broken clouds
460,Marsaxlokk,MT,35.8419,14.5431,66.2,59,20,10.36,few clouds
461,Nagapattinam,IN,10.7667,79.8333,84.83,68,100,10.2,overcast clouds
462,Awjilah,LY,29.1081,21.2869,79.63,34,0,20.45,clear sky
463,Garowe,SO,8.4054,48.4845,89.74,39,64,11.63,broken clouds
464,Palmer,US,42.1584,-72.3287,50.0,93,90,1.41,light rain
465,Shitanjing,CN,39.2342,106.3439,51.73,50,69,3.02,broken clouds
466,Roanoke Rapids,US,36.4615,-77.6542,54.0,100,90,9.22,overcast clouds
467,Husavik,IS,66.0449,-17.3389,44.6,87,90,1.14,overcast clouds
468,Coquimbo,CL,-29.9533,-71.3436,57.2,82,40,2.62,scattered clouds
469,Hutang,CN,31.5333,119.4833,60.01,99,100,4.0,light rain
470,Banda Aceh,ID,5.5577,95.3222,82.29,76,86,9.48,overcast clouds
471,Angoche,MZ,-16.2325,39.9086,79.09,84,100,5.03,light rain
472,Moose Factory,CA,51.2585,-80.6094,21.2,79,90,12.66,light snow
473,Port Blair,IN,11.6667,92.75,83.71,69,90,3.65,overcast clouds
474,Morros,BR,-9.4467,-46.3003,81.27,68,99,4.61,moderate rain
475,Sompeta,IN,18.9333,84.6,82.99,70,46,10.94,scattered clouds
476,Pundaguitan,PH,6.3711,126.1689,83.77,74,29,4.85,scattered clouds
477,Leningradskiy,RU,69.3833,178.4167,13.82,89,16,5.37,few clouds
478,Abnub,EG,27.2696,31.1511,98.6,16,0,11.5,clear sky
479,Aasiaat,GL,68.7098,-52.8699,35.22,82,70,6.24,broken clouds
480,Aukra,NO,62.7925,6.919,35.6,93,75,8.05,broken clouds
481,Sredniy Ikorets,RU,51.0675,39.7584,50.9,40,83,15.01,broken clouds
482,Ust-Uda,RU,54.1742,103.0304,31.62,88,100,3.62,overcast clouds
483,Cooma,AU,-36.2333,149.1333,32.0,100,8,4.61,clear sky
484,Cabra,ES,37.4725,-4.4421,66.2,88,20,4.61,few clouds
485,Luderitz,NA,-26.6481,15.1594,70.05,61,85,7.4,overcast clouds
486,Rawlins,US,41.7911,-107.2387,42.01,64,1,13.02,clear sky
487,Bandar,ID,2.05,99.75,73.99,96,30,3.24,scattered clouds
488,Sidney,AU,-33.8679,151.2073,59.0,84,34,4.0,light rain
489,Petropavlovsk-Kamchatskiy,RU,53.0452,158.6483,35.6,93,75,2.24,broken clouds
490,Necochea,AR,-38.5473,-58.7368,64.0,79,100,7.0,overcast clouds
491,Pohrebyshche,UA,49.4864,29.2636,53.6,35,75,13.42,broken clouds
492,Ushtobe,KZ,45.2514,77.9838,58.42,27,100,5.95,overcast clouds
493,Tiksi,RU,71.6872,128.8694,23.18,96,100,5.44,overcast clouds
494,Srednekolymsk,RU,67.45,153.6833,-1.23,98,20,6.15,few clouds
495,Guangyuan,CN,32.442,105.823,54.75,91,100,4.81,light rain
496,Kahramanmaras,TR,38.0,37.0,86.0,26,40,9.22,scattered clouds
497,Oussouye,SN,12.485,-16.5469,86.0,61,0,4.61,clear sky
498,Kovdor,RU,67.5662,30.4758,32.49,94,100,14.99,light snow
499,Cacapava Do Sul,BR,-30.5122,-53.4914,62.49,69,100,8.7,overcast clouds
500,Los Llanos De Aridane,ES,28.6585,-17.9182,71.6,60,40,8.05,scattered clouds
501,Nhamunda,BR,-2.1861,-56.7131,82.15,82,97,1.03,moderate rain
502,Ode,NG,7.7899,5.7117,89.08,49,100,7.52,overcast clouds
503,Teya,RU,60.3778,92.6267,35.28,98,100,4.09,overcast clouds
504,Tongling,CN,30.95,117.7833,59.7,95,100,2.77,light rain
505,Khorinsk,RU,52.1657,109.7726,38.3,97,100,4.68,light rain
506,Lufilufi,WS,-13.8745,-171.5986,75.2,94,20,3.44,few clouds
507,Karakol,KG,42.4907,78.3936,48.13,47,79,5.99,broken clouds
508,Wairoa,NZ,-39.0333,177.3667,52.0,77,1,4.0,clear sky
509,Mackenzie,CA,55.2999,-123.1698,24.8,74,1,3.44,clear sky
510,Hervey Bay,AU,-25.2986,152.8535,64.0,81,0,3.0,clear sky
511,Salalah,OM,17.0151,54.0924,86.0,70,20,12.66,few clouds
512,Ibra,OM,22.6906,58.5334,97.57,9,79,12.35,broken clouds
513,Plettenberg Bay,ZA,-34.0527,23.3716,74.34,57,100,2.98,overcast clouds
514,Finschhafen,PG,-6.6024,147.8681,79.84,82,97,8.95,overcast clouds
515,Verkhoyansk,RU,67.5447,133.385,16.09,95,71,4.03,broken clouds
516,Vardo,NO,70.3705,31.1107,34.3,69,100,22.12,overcast clouds
517,Trelew,AR,-43.249,-65.3051,60.67,49,30,18.5,scattered clouds
518,Quchan,IR,37.106,58.5095,70.27,34,84,8.7,broken clouds
519,Parrita,CR,9.5201,-84.3225,73.4,73,40,13.8,scattered clouds
520,Taoudenni,ML,22.6783,-3.9836,105.1,7,0,9.82,clear sky
521,Malartic,CA,48.1335,-78.1328,33.8,93,90,4.61,moderate rain
522,Kolvereid,NO,64.8655,11.6047,37.4,75,75,13.8,broken clouds
523,Touros,BR,-5.1989,-35.4608,84.2,65,75,10.36,broken clouds
524,Mackay,AU,-21.15,149.2,75.2,73,90,12.66,overcast clouds
525,Aranos,NA,-24.1333,19.1167,82.24,14,27,2.77,scattered clouds
526,Dasoguz,TM,41.8363,59.9666,80.6,12,0,16.11,clear sky
527,Luohe,CN,33.5717,114.0353,53.51,83,100,7.94,overcast clouds
528,Grajau,BR,-5.8194,-46.1386,84.34,72,58,3.38,broken clouds
529,Marsa Matruh,EG,31.3525,27.2453,69.8,68,0,23.02,clear sky
530,Ballina,AU,-28.8667,153.5667,57.2,94,40,5.77,scattered clouds
531,Viedma,AR,-40.8135,-62.9967,60.96,56,0,5.66,clear sky
532,Sete,FR,43.4018,3.6966,60.8,59,0,5.75,light rain
533,Balabac,PH,7.9868,117.0645,81.64,78,4,8.7,clear sky
534,Cururupu,BR,-1.8283,-44.8683,82.15,83,100,4.52,overcast clouds
535,Usinsk,RU,65.9939,57.5281,43.83,74,100,11.45,overcast clouds
536,Sur,OM,22.5667,59.5289,88.84,42,0,3.6,clear sky
537,Tukrah,LY,32.5341,20.5791,64.83,71,1,17.05,clear sky
538,Beloha,MG,-25.1667,45.05,81.57,55,80,10.09,broken clouds
539,Bonthe,SL,7.5264,-12.505,91.92,51,94,10.89,overcast clouds
540,Berlevag,NO,70.8578,29.0864,32.4,66,71,14.07,broken clouds
541,Moroto,UG,2.5345,34.6666,76.87,54,87,1.88,light rain
542,Ban Chang,TH,12.7254,101.0553,88.0,79,20,5.75,few clouds
543,Dudinka,RU,69.4058,86.1778,3.9,99,36,3.36,scattered clouds
544,Ulladulla,AU,-35.35,150.4667,53.6,94,14,4.43,few clouds
545,Poco Branco,BR,-5.6228,-35.6628,86.0,65,75,10.36,broken clouds
546,Baghdad,IQ,33.3406,44.4009,104.0,12,0,9.22,clear sky
547,Meiganga,CM,6.5167,14.3,69.85,85,100,1.59,overcast clouds
548,Mecca,SA,21.4267,39.8261,94.96,25,4,16.11,clear sky
549,Abay,KZ,49.6311,72.8539,60.8,11,0,13.42,clear sky
550,Chisinau,MD,47.0056,28.8575,60.8,39,0,11.5,clear sky
551,Vesyegonsk,RU,58.664,37.2604,33.19,98,100,12.71,snow
552,Camacupa,AO,-12.0167,17.4833,79.77,36,100,3.06,overcast clouds
553,Yumen,CN,40.2833,97.2,45.54,10,100,26.44,overcast clouds
554,Qui Nhon,VN,13.7667,109.2333,80.53,87,57,3.42,broken clouds
555,Nagato,JP,34.3833,131.2,57.2,67,20,11.5,few clouds
556,Ust-Omchug,RU,61.15,149.6333,-8.63,98,17,1.66,few clouds
557,Boshnyakovo,RU,49.6333,142.1667,25.61,83,100,4.16,overcast clouds
558,Balkanabat,TM,39.5108,54.3671,87.57,27,1,5.44,clear sky
559,Morondava,MG,-20.2833,44.2833,82.71,63,9,8.12,clear sky
560,Joensuu,FI,62.6012,29.7632,37.99,100,90,8.05,mist
561,Saquarema,BR,-22.92,-42.5103,78.8,78,40,4.61,scattered clouds
562,Kununurra,AU,-15.7667,128.7333,64.4,77,39,1.14,scattered clouds
563,Moron,AR,-34.6534,-58.6198,64.0,69,0,4.0,clear sky
564,Tecoanapa,MX,16.5167,-98.75,81.37,68,100,1.68,overcast clouds
565,Serov,RU,59.6033,60.5787,51.26,49,97,11.48,overcast clouds
566,Mandurah,AU,-32.55,115.7,64.0,77,0,7.36,clear sky
567,Winnemucca,US,40.973,-117.7357,41.0,81,90,3.44,overcast clouds
568,Pskov,RU,57.8136,28.3496,46.4,53,40,13.42,scattered clouds
569,Puerto Madryn,AR,-42.7692,-65.0385,60.3,55,14,20.04,few clouds
570,Dargaville,NZ,-35.9333,173.8833,55.26,76,32,6.2,scattered clouds
571,Tsybuliv,UA,49.0766,29.8461,52.07,59,100,13.11,overcast clouds
572,Araouane,ML,18.9048,-3.5265,105.17,8,56,4.29,broken clouds
573,Mandleshwar,IN,22.1833,75.6667,91.4,8,98,5.75,overcast clouds
574,Broome,US,42.2506,-75.833,48.99,87,90,3.04,overcast clouds
575,Petropavlivka,UA,48.4564,36.4367,54.19,31,42,5.55,scattered clouds
576,Voi,KE,-3.3945,38.563,85.3,48,100,17.09,overcast clouds
577,Vostok,RU,46.4856,135.8833,24.04,52,6,4.03,clear sky
578,Baft,IR,29.234,56.6057,71.65,15,97,14.0,overcast clouds
579,Sechura,PE,-5.5569,-80.8222,72.21,72,48,10.98,scattered clouds
580,Suntar,RU,62.1444,117.6319,35.76,97,100,7.34,light rain
581,Karpogory,RU,64.0019,44.4451,43.65,84,100,6.13,overcast clouds
582,Sai Buri,TH,6.7013,101.6168,80.49,79,70,4.38,light rain
583,Yeppoon,AU,-23.1333,150.7333,64.4,77,6,10.13,clear sky
584,Brae,GB,60.3964,-1.353,46.4,71,20,10.36,few clouds
585,Digby,CA,44.6169,-65.7655,59.0,54,97,3.44,overcast clouds
586,Sultanpur,IN,26.2667,82.0667,89.06,10,100,7.52,overcast clouds
587,Ferrol,ES,43.4832,-8.2369,59.0,95,100,0.2,light rain
588,Catamarca,AR,-28.4696,-65.7852,68.0,74,6,5.99,clear sky
589,Zhangjiakou,CN,40.81,114.8794,56.23,56,50,10.04,scattered clouds
590,Ewo,CG,-0.8725,14.8206,90.1,48,71,0.34,broken clouds
591,Yambio,SS,4.5721,28.3955,74.57,82,100,3.76,light rain
592,Riesa,DE,51.3,13.3,48.99,46,75,10.36,broken clouds
593,Bosaso,SO,11.2842,49.1816,86.0,79,0,9.22,moderate rain
594,Honiara,SB,-9.4333,159.95,78.37,85,96,3.44,overcast clouds
595,Hami,CN,42.8,93.45,48.47,15,100,8.43,overcast clouds
596,Nouadhibou,MR,20.931,-17.0347,80.6,41,0,21.85,clear sky
597,Vallenar,CL,-28.5708,-70.7581,67.75,50,0,2.55,clear sky
598,Paciran,ID,-6.8767,112.3761,80.42,78,45,9.84,scattered clouds
599,Nagyoroszi,HU,48.005,19.0905,64.99,40,18,8.99,few clouds
600,Houma,US,29.5958,-90.7195,63.0,77,1,11.5,clear sky
601,Kurilsk,RU,45.2333,147.8833,28.51,90,95,13.8,light snow
602,Nikel,RU,69.4128,30.222,33.8,64,90,19.57,overcast clouds
603,Chiniot,PK,31.72,72.9789,89.15,16,0,2.68,clear sky
604,San Quintin,MX,30.4833,-115.95,57.24,86,66,7.16,broken clouds
605,Qandala,SO,11.472,49.8728,85.8,63,35,2.64,light rain
606,Dawei,MM,14.0833,98.2,77.47,89,86,2.44,overcast clouds
607,Belyy Yar,RU,53.6039,91.3903,44.6,39,0,2.24,clear sky
608,Port-Gentil,GA,-0.7193,8.7815,89.6,66,40,6.91,scattered clouds
609,Valparaiso,CL,-33.0393,-71.6273,51.8,100,0,3.44,clear sky
610,Lodja,CD,-3.4833,23.4333,84.61,60,72,3.2,broken clouds
611,Jumla,NP,29.2747,82.1838,52.56,38,65,2.93,broken clouds
612,Manga,BF,11.6636,-1.0731,104.13,16,88,2.42,overcast clouds
613,Alenquer,BR,-1.9417,-54.7383,86.0,74,40,6.91,scattered clouds
614,Lamar,US,33.6668,-95.5836,57.0,94,20,11.5,few clouds
615,Ranghulu,CN,46.65,124.8667,50.99,29,47,6.93,scattered clouds
616,Marsh Harbour,BS,26.5412,-77.0636,79.3,74,2,15.21,clear sky
617,Batticaloa,LK,7.7102,81.6924,82.56,67,8,10.13,clear sky
618,Macapa,BR,0.0389,-51.0664,86.0,74,40,8.05,scattered clouds
619,Katherine,AU,-14.4667,132.2667,73.4,73,100,3.44,overcast clouds
620,Magadan,RU,59.5667,150.8,15.85,74,79,7.07,broken clouds
621,Den Helder,NL,52.9599,4.7593,48.2,53,75,9.22,broken clouds
622,Seoul,KR,37.5683,126.9778,60.8,51,0,3.44,clear sky
623,Fukue,JP,32.6881,128.8419,60.71,73,6,30.89,clear sky
624,Keffi,NG,8.8486,7.8736,93.2,52,20,4.61,few clouds
625,Yuanping,CN,38.7153,112.7575,54.19,62,100,3.27,overcast clouds
626,Rafaela,AR,-31.2503,-61.4867,64.0,56,0,1.99,clear sky
627,Xiongzhou,CN,25.1167,114.3,65.68,88,100,3.62,overcast clouds
628,Karamadai,IN,11.2406,76.9601,89.6,58,40,8.05,light rain
629,Salo,IT,45.6086,10.531,73.99,33,37,4.61,scattered clouds
630,Bronnoysund,NO,65.4625,12.1997,39.2,60,75,13.8,broken clouds
631,Matadi,CD,-5.8167,13.45,88.14,65,72,1.9,broken clouds
632,Seddon,AU,-37.8068,144.8916,57.0,93,26,4.61,scattered clouds
633,Atasu,KZ,48.6814,71.6433,55.02,36,0,7.27,clear sky
634,Lubango,AO,-14.9172,13.4925,71.76,49,100,1.57,overcast clouds
635,Arkadelphia,US,34.1209,-93.0538,50.0,74,1,3.18,clear sky
636,Caucaia,BR,-3.7361,-38.6531,84.2,74,40,9.22,scattered clouds
637,La Orilla,MX,17.9833,-102.2333,77.38,65,100,3.51,overcast clouds
638,Kindu,CD,-2.95,25.95,74.46,86,100,2.08,overcast clouds
639,Araxa,BR,-19.5933,-46.9406,77.0,44,0,2.3,clear sky
640,Varniai,LT,55.7406,22.3644,41.0,60,75,18.41,broken clouds
641,Mortka,RU,59.3322,66.0214,50.9,42,100,10.71,overcast clouds
642,Sola,VU,-13.8833,167.55,78.8,94,75,9.31,broken clouds
643,Bo Rai,TH,12.5728,102.5371,78.62,87,82,2.89,light rain
644,Gwembe,ZM,-16.4975,27.6069,77.14,41,89,5.99,overcast clouds
645,Never,FR,46.9896,3.159,73.4,33,0,8.05,clear sky
646,Tilichiki,RU,60.4667,166.1,26.76,97,100,2.48,light snow
647,Mercedes,AR,-34.6515,-59.4307,62.01,79,0,3.0,clear sky
648,Lujiang,CN,31.2581,117.2817,60.01,88,90,4.47,overcast clouds
649,Yamada,JP,39.4667,141.95,40.62,72,5,7.45,clear sky
650,Marinette,US,45.1,-87.6307,33.8,64,1,8.05,clear sky
651,Methoni,GR,36.8197,21.7049,68.0,60,40,10.36,scattered clouds
652,Rexburg,US,43.826,-111.7897,46.4,61,90,10.36,overcast clouds
653,Acapulco,MX,16.8634,-99.8901,75.2,73,90,4.61,overcast clouds
654,Kachug,RU,53.9606,105.8817,34.5,85,100,8.25,overcast clouds
655,Pachino,IT,36.7186,15.0907,68.0,52,4,10.36,clear sky
656,Kristiinankaupunki,FI,62.2743,21.376,35.01,77,100,18.79,overcast clouds
657,Meru,KE,0.0463,37.6559,71.13,69,90,7.23,light rain
658,Deputatskiy,RU,69.3,139.9,16.99,91,100,6.78,overcast clouds
659,Alpinopolis,BR,-20.8636,-46.3881,78.89,32,11,2.46,few clouds
660,Camacha,PT,33.0833,-16.3333,68.0,68,40,20.71,scattered clouds
661,Ormara,PK,25.2088,64.6357,82.09,77,0,10.94,clear sky
662,Kayiry,UA,46.9454,33.7059,53.22,41,47,3.98,scattered clouds
663,Sorland,NO,67.667,12.6934,37.4,70,40,6.91,scattered clouds
664,Springbok,ZA,-29.6643,17.8865,73.18,33,100,11.03,overcast clouds
665,Mangrol,IN,21.1167,70.1167,83.39,74,0,14.18,clear sky
666,Mount Gambier,AU,-37.8333,140.7667,46.4,100,4,2.3,clear sky
667,Sandwick,GB,60.0,-1.25,46.4,71,20,10.36,few clouds
668,Puerto Montt,CL,-41.4698,-72.9447,41.0,100,90,1.14,fog
669,Santa Luzia,BR,-19.7697,-43.8514,78.8,61,0,2.3,clear sky
670,Rena,NO,61.1348,11.3641,43.0,51,100,5.01,overcast clouds
671,Lazaro Cardenas,MX,17.9583,-102.2,77.47,67,100,3.74,overcast clouds
672,Isabela,PH,6.7085,121.9711,82.4,78,20,5.75,few clouds
673,Zhigansk,RU,66.7697,123.3711,32.95,98,100,10.78,overcast clouds
674,Axim,GH,4.8699,-2.2405,84.47,70,97,8.75,overcast clouds
